{"frames": {

"logo":
{
	"frame": {"x":0,"y":0,"w":1,"h":1},
	"rotated": false,
	"trimmed": false,
	"spriteSourceSize": {"x":0,"y":0,"w":1,"h":1},
	"sourceSize": {"w":1,"h":1}
},
"phone":
{
	"frame": {"x":0,"y":300,"w":360,"h":360},
	"rotated": false,
	"trimmed": false,
	"spriteSourceSize": {"x":0,"y":0,"w":360,"h":360},
	"sourceSize": {"w":360,"h":360}
},
"progress":
{
	"frame": {"x":0,"y":660,"w":200,"h":30},
	"rotated": false,
	"trimmed": false,
	"spriteSourceSize": {"x":0,"y":0,"w":200,"h":30},
	"sourceSize": {"w":200,"h":30}
}},
"meta": {
	"app": "http://www.codeandweb.com/texturepacker",
	"version": "1.0",
	"image": "preload_atlas.png",
	"format": "RGBA8888",
	"size": {"w":360,"h":690},
	"scale": "1",
	"smartupdate": "$TexturePacker:SmartUpdate:3936b45c1696936ea581a467a43f195f:ce9886e8720e11f78ff4b7a29b0a9733:3a82a12cef9cc16f354047cf3ae9917b$"
}
}
